2740576,2760,assets/ge007.u.29D160.Globalimagetable.bin,0,0
4298640,4,assets/music/number_music_samples,0,0
4298644,504,assets/music/table_music_data.bin,0,0
4425312,69104,assets/obseg/bg/bg_sev_all_p.bin,0,0
4494416,331584,assets/obseg/bg/bg_silo_all_p.bin,0,0
5628416,109984,assets/obseg/bg/bg_sevb_all_p.bin,0,0
5738400,137808,assets/obseg/bg/bg_azt_all_p.bin,0,0
6164368,38416,assets/obseg/bg/bg_ref_all_p.bin,0,0
6202784,87728,assets/obseg/bg/bg_cryp_all_p.bin,0,0
6688112,41936,assets/obseg/bg/bg_run_all_p.bin,0,0
6730048,116176,assets/obseg/bg/bg_sevx_all_p.bin,0,0
6932576,18544,assets/obseg/bg/bg_dish_all_p.bin,0,0
7099840,21808,assets/obseg/bg/bg_cat_all_p.bin,0,0
7121648,66384,assets/obseg/bg/bg_crad_all_p.bin,0,0
7188032,40800,assets/obseg/bg/bg_ame_all_p.bin,0,0
7228832,28240,assets/obseg/bg/bg_rit_all_p.bin,0,0
7257072,4000,assets/obseg/bg/bg_lip_all_p.bin,0,0
9037664,32,assets/obseg/brief/UbriefarchZ,1,0
9037696,32,assets/obseg/brief/UbriefarkZ,1,0
9037728,32,assets/obseg/brief/UbriefaztZ,1,0
9037760,32,assets/obseg/brief/UbriefcaveZ,1,0
9037792,32,assets/obseg/brief/UbriefcontrolZ,1,0
9037824,32,assets/obseg/brief/UbriefcradZ,1,0
9037856,32,assets/obseg/brief/UbriefcrypZ,1,0
9037888,32,assets/obseg/brief/UbriefdamZ,1,0
9037920,32,assets/obseg/brief/UbriefdepoZ,1,0
9037952,32,assets/obseg/brief/UbriefdestZ,1,0
9037984,32,assets/obseg/brief/UbriefjunZ,1,0
9038016,32,assets/obseg/brief/UbriefpeteZ,1,0
9038048,32,assets/obseg/brief/UbriefrunZ,1,0
9038080,32,assets/obseg/brief/UbriefsevbZ,1,0
9038112,32,assets/obseg/brief/UbriefsevbunkerZ,1,0
9038144,32,assets/obseg/brief/UbriefsevxZ,1,0
9038176,32,assets/obseg/brief/UbriefsevxbZ,1,0
9038208,32,assets/obseg/brief/UbriefsiloZ,1,0
9038240,32,assets/obseg/brief/UbriefstatueZ,1,0
9038272,32,assets/obseg/brief/UbrieftraZ,1,0
9335824,16,assets/obseg/text/LameE,1,0
9335840,16,assets/obseg/text/LameJ,1,0
9335856,1584,assets/obseg/text/LarchE,1,0
9339072,1488,assets/obseg/text/LarecE,1,0
9341984,1696,assets/obseg/text/LarkE,1,0
9345392,16,assets/obseg/text/LashE,1,0
9345408,16,assets/obseg/text/LashJ,1,0
9345424,1088,assets/obseg/text/LaztE,1,0
9347712,16,assets/obseg/text/LcatE,1,0
9347728,16,assets/obseg/text/LcatJ,1,0
9347744,1024,assets/obseg/text/LcaveE,1,0
9349888,1232,assets/obseg/text/LcradE,1,0
9352320,592,assets/obseg/text/LcrypE,1,0
9353616,1104,assets/obseg/text/LdamE,1,0
9355856,880,assets/obseg/text/LdepoE,1,0
9357568,1168,assets/obseg/text/LdestE,1,0
9359856,16,assets/obseg/text/LdishE,1,0
9359872,16,assets/obseg/text/LdishJ,1,0
9359888,16,assets/obseg/text/LearE,1,0
9359904,16,assets/obseg/text/LearJ,1,0
9359920,16,assets/obseg/text/LeldE,1,0
9359936,16,assets/obseg/text/LeldJ,1,0
9359952,1824,assets/obseg/text/LgunE,1,0
9363648,16,assets/obseg/text/LimpE,1,0
9363664,16,assets/obseg/text/LimpJ,1,0
9363680,1312,assets/obseg/text/LjunE,1,0
9366336,16,assets/obseg/text/LleeE,1,0
9366352,16,assets/obseg/text/LleeJ,1,0
9366368,1600,assets/obseg/text/LlenE,1,0
9368656,16,assets/obseg/text/LlipE,1,0
9368672,16,assets/obseg/text/LlipJ,1,0
9368688,16,assets/obseg/text/LlueE,1,0
9368704,16,assets/obseg/text/LlueJ,1,0
9368720,672,assets/obseg/text/LmiscE,1,0
9370128,416,assets/obseg/text/LmpmenuE,1,0
9370944,192,assets/obseg/text/LmpweaponsE,1,0
9371360,16,assets/obseg/text/LoatE,1,0
9371376,16,assets/obseg/text/LoatJ,1,0
9371392,560,assets/obseg/text/LoptionsE,1,0
9372544,16,assets/obseg/text/LpamE,1,0
9372560,16,assets/obseg/text/LpamJ,1,0
9372576,1152,assets/obseg/text/LpeteE,1,0
9374864,672,assets/obseg/text/LpropobjE,1,0
9376240,16,assets/obseg/text/LrefE,1,0
9376256,16,assets/obseg/text/LrefJ,1,0
9376272,16,assets/obseg/text/LritE,1,0
9376288,16,assets/obseg/text/LritJ,1,0
9376304,624,assets/obseg/text/LrunE,1,0
9377584,1376,assets/obseg/text/LsevE,1,0
9380256,1872,assets/obseg/text/LsevbE,1,0
9384160,1120,assets/obseg/text/LsevxE,1,0
9386240,1168,assets/obseg/text/LsevxbE,1,0
9388512,16,assets/obseg/text/LshoE,1,0
9388528,16,assets/obseg/text/LshoJ,1,0
9388544,1456,assets/obseg/text/LsiloE,1,0
9391504,2336,assets/obseg/text/LstatE,1,0
9396000,2752,assets/obseg/text/LtitleE,1,0
9401712,1072,assets/obseg/text/LtraE,1,0
9403840,16,assets/obseg/text/LwaxE,1,0
9403856,16,assets/obseg/text/LwaxJ,1,0
